주차장코드,주차장명,주소,구분,운영구분,총주차면,유무료,평일_시작,평일_종료,주말_시작,주말_종료,공휴일_시작,공휴일_종료,토요일_유무료,공휴일_유무료,기본요금,기본시간_분,추가요금,추가시간_분,일최대요금,월정기권,전화번호,위도,경도,좌표출처
1453979,(구)북부지법주변(구),서울특별시 노원구 공릉동 629-1,노상,시간제 주차장,1,유료,09:00,19:00,09:00,18:00,09:00,18:00,무료,무료,250,5,0,0,33000,150000,,,,
1584204,구청사주변(구),서울특별시 노원구 상계동 739-2,노상,시간제 주차장,1,유료,09:00,20:00,00:00,00:00,00:00,00:00,유료,유료,250,5,250,5,16500,150000,,,,
1453742,당고개위 공영주차장(시),서울특별시 노원구 상계동 111-568,노상,시간제 주차장,1,유료,09:00,22:00,09:00,22:00,09:00,22:00,무료,무료,400,5,400,5,0,0,02-1688-1054,37.67043,127.080529,원본 데이터
1453816,수락산디자인서울거리(구),서울특별시 노원구 상계동 996-2,노상,시간제 주차장,1,유료,09:00,19:00,09:00,18:00,09:00,18:00,무료,무료,150,5,0,0,19800,100000,,,,
1454316,신한증권옆(구),서울특별시 노원구 중계동 366-12,노상,시간제 주차장,1,유료,09:00,19:00,09:00,18:00,09:00,18:00,무료,무료,250,5,0,0,33000,150000,,,,
1454052,유경백화점뒤(구),서울특별시 노원구 중계동 364-16,노상,시간제 주차장,1,유료,09:00,19:00,09:00,18:00,09:00,18:00,무료,무료,250,5,0,0,33000,150000,,,,
1570843,주공11단지상가뒤(구),서울특별시 노원구 상계동 652-4,노상,시간제 주차장,1,유료,09:00,19:00,09:00,18:00,09:00,18:00,무료,무료,250,5,0,0,33000,150000,,,,
3117530,주공11단지상가뒤(구),서울특별시 노원구 상계동 652-0,노상,시간제 주차장,1,유료,09:00,19:00,09:00,19:00,00:00,00:00,무료,유료,250,5,250,5,,150000,,,,
1570020,주공12단지상가뒤(구),서울특별시 노원구 상계동 647-1,노상,시간제 주차장,1,유료,09:00,19:00,09:00,18:00,09:00,18:00,무료,무료,250,5,0,0,33000,150000,,,,
1570842,주공3단지상가주변(구),서울특별시 노원구 상계동 736-0,노상,시간제 주차장,1,유료,09:00,19:00,09:00,18:00,09:00,18:00,무료,무료,250,5,0,0,33000,150000,,,,
2882454,주공3단지상가주변(구),서울특별시 노원구 상계동 735-0,노상,시간제 주차장,1,유료,09:00,19:00,09:00,19:00,00:00,00:00,무료,유료,250,5,250,5,,,,,,
1454520,주공5단지옆(구),서울특별시 노원구 중계동 359-16,노상,시간제 주차장,1,유료,09:00,19:00,09:00,18:00,09:00,18:00,무료,무료,250,5,0,0,33000,150000,,,,
1454055,주공6단지상가주변(구),서울특별시 노원구 상계동 723-2,노상,시간제 주차장,1,유료,09:00,19:00,09:00,18:00,09:00,18:00,무료,무료,250,5,0,0,33000,150000,,,,
1453857,주공7단지옆(구),서울특별시 노원구 상계동 693-5,노상,시간제 주차장,1,유료,09:00,19:00,09:00,18:00,09:00,18:00,무료,무료,250,5,0,0,33000,150000,,,,
1454202,청구건영아파트옆(구),서울특별시 노원구 중계동 360-4,노상,시간제 주차장,1,유료,09:00,19:00,09:00,18:00,09:00,18:00,무료,무료,250,5,0,0,33000,150000,,,,
3071313,가재울 공영주차장(구),서울특별시 노원구 하계동 252-6,노외,시간제 + 거주자 주차장,121,유료,09:00,19:00,09:00,19:00,09:00,19:00,무료,무료,150,5,150,5,11000,100000,,,,
3012953,동막골 노외공영주차장(구),서울특별시 노원구 상계동 31-0,노외,시간제 주차장,35,유료,09:00,19:00,00:00,00:00,00:00,00:00,유료,유료,150,5,150,5,8100,100000,02-939-7708,,,
3031636,등나무근린공원 공영주차장(구),서울특별시 노원구 중계동 508-1,노외,시간제 주차장,120,유료,09:00,19:00,09:00,18:00,00:00,00:00,무료,유료,250,5,250,5,,180000,029497706,,,
3083942,마들스포츠타운 공영주차장(구),서울특별시 노원구 상계동 770-2,노외,시간제 주차장,226,유료,09:00,19:00,09:00,18:00,00:00,00:00,무료,유료,150,5,150,5,,100000,02-2289-6735,,,
3027305,불암산 공영주차장(구),서울특별시 노원구 중계동 26-0,노외,시간제 주차장,35,유료,09:00,19:00,00:00,00:00,00:00,00:00,유료,유료,150,5,150,5,,100000,02-2289-6720,,,
2978129,상계2동 공영주차장(구),서울특별시 노원구 상계동 373-13,노외,시간제 주차장,94,유료,09:00,19:00,09:00,18:00,00:00,00:00,무료,유료,150,5,150,5,11000,100000,02-931-2758,,,
3037642,상계역 서측 주택가 공영주차장(구),서울특별시 노원구 상계동 169-409,노외,시간제 주차장,19,유료,09:00,19:00,00:00,00:00,00:00,00:00,유료,유료,150,5,150,5,8100,,,,,
3152733,석계역 공영주차장(구),서울특별시 노원구 월계동 60-1,노외,시간제 주차장,29,유료,09:00,19:00,09:00,18:00,00:00,00:00,무료,유료,260,5,,,,,02-942-8882,,,
1366903,석계역 공영주차장(시),서울특별시 노원구 월계동 50-9,노외,시간제 주차장,70,유료,00:00,24:00,00:00,24:00,00:00,24:00,무료,무료,280,5,280,5,,168000,,37.615292,127.062997,원본 데이터
1577275,중계4동 임시공영주차장(구),서울특별시 노원구 중계동 606-2,노외,시간제 주차장,39,유료,10:00,19:00,10:00,18:00,00:00,00:00,무료,유료,150,5,150,5,8100,100000,,,,
3054310,중계근린공원 공영주차장(구),서울특별시 노원구 중계동 507-0,노외,시간제 주차장,94,유료,09:00,19:00,09:00,18:00,00:00,00:00,무료,유료,250,5,250,5,,180000,02-949-7705,,,
